Candidate ID,Name,Job Title,Experience,Location,Status,Applied On
CND-10234,Arav Kumar,Senior DevOps Engineer,5-8 years,Bangalore,Shortlisted,12 May 2025
CND-10235,Priya Sharma,React Developer,3-5 years,Pune,Interview,11 May 2025
CND-10236,Rohan Joshi,Product Manager,4-7 years,Hyderabad,Applied,10 May 2025
CND-10237,Neha Singh,UI/UX Designer,2-4 years,Delhi,Shortlisted,09 May 2025
CND-10238,Vikram Mehta,Data Analyst,2-3 years,Mumbai,Applied,08 May 2025
CND-10239,Kavya,Backend Developer,3-6 years,Bangalore,Interview,07 May 2025
CND-10240,Arjun,Full Stack Developer,4-6 years,Noida,Applied,06 May 2025
CND-10241,Simran,HR Executive,1-2 years,Chandigarh,Shortlisted,05 May 2025
CND-10242,Deepak,QA Engineer,2-4 years,Pune,Applied,04 May 2025
